"U:0","U:1","U:2","p","vtkValidPointMask","arc_length","Points:0","Points:1","Points:2"
0.29692,0.023817,-3.29e-21,0,1,0,15,0,0.5
0.3019,0.023465,-3.2146e-21,0,1,0.01,15,0.01,0.5
0.30689,0.023113,-3.1392e-21,0,1,0.02,15,0.02,0.5
0.31187,0.022761,-3.0639e-21,0,1,0.03,15,0.03,0.5
0.31686,0.022408,-2.9885e-21,0,1,0.04,15,0.04,0.5
0.32184,0.022056,-2.9131e-21,0,1,0.05,15,0.05,0.5
0.32683,0.021704,-2.8378e-21,0,1,0.06,15,0.06,0.5
0.33181,0.021352,-2.7624e-21,0,1,0.07,15,0.07,0.5
0.3368,0.021,-2.687e-21,0,1,0.08,15,0.08,0.5
0.34178,0.020647,-2.6117e-21,0,1,0.09,15,0.09,0.5
0.34677,0.020295,-2.5363e-21,0,1,0.1,15,0.1,0.5
0.35175,0.019943,-2.4609e-21,0,1,0.11,15,0.11,0.5
0.35673,0.019591,-2.3855e-21,0,1,0.12,15,0.12,0.5
0.36172,0.019239,-2.3102e-21,0,1,0.13,15,0.13,0.5
0.3667,0.018886,-2.2348e-21,0,1,0.14,15,0.14,0.5
0.37169,0.018534,-2.1594e-21,0,1,0.15,15,0.15,0.5
0.37667,0.018182,-2.0841e-21,0,1,0.16,15,0.16,0.5
0.38166,0.01783,-2.0087e-21,0,1,0.17,15,0.17,0.5
0.38664,0.017478,-1.9333e-21,0,1,0.18,15,0.18,0.5
0.39163,0.017125,-1.858e-21,0,1,0.19,15,0.19,0.5
0.39661,0.016773,-1.7826e-21,0,1,0.2,15,0.2,0.5
0.4016,0.016421,-1.7072e-21,0,1,0.21,15,0.21,0.5
0.40658,0.016069,-1.6319e-21,0,1,0.22,15,0.22,0.5
0.41156,0.015717,-1.5565e-21,0,1,0.23,15,0.23,0.5
0.41655,0.015364,-1.4811e-21,0,1,0.24,15,0.24,0.5
0.42153,0.015012,-1.4058e-21,0,1,0.25,15,0.25,0.5
0.42652,0.01466,-1.3304e-21,0,1,0.26,15,0.26,0.5
0.4315,0.014308,-1.255e-21,0,1,0.27,15,0.27,0.5
0.43649,0.013956,-1.1796e-21,0,1,0.28,15,0.28,0.5
0.44147,0.013603,-1.1043e-21,0,1,0.29,15,0.29,0.5
0.44646,0.013251,-1.0289e-21,0,1,0.3,15,0.3,0.5
0.45144,0.012899,-9.5354e-22,0,1,0.31,15,0.31,0.5
0.45643,0.012547,-8.7817e-22,0,1,0.32,15,0.32,0.5
0.46141,0.012195,-8.028e-22,0,1,0.33,15,0.33,0.5
0.47255,0.011366,-6.9966e-22,0,1,0.34,15,0.34,0.5
0.48645,0.010324,-5.8408e-22,0,1,0.35,15,0.35,0.5
0.50035,0.0092817,-4.6849e-22,0,1,0.36,15,0.36,0.5
0.51425,0.0082395,-3.5291e-22,0,1,0.37,15,0.37,0.5
0.52815,0.0071974,-2.3732e-22,0,1,0.38,15,0.38,0.5
0.54205,0.0061552,-1.2174e-22,0,1,0.39,15,0.39,0.5
0.55595,0.0051131,-6.1497e-24,0,1,0.4,15,0.4,0.5
0.56985,0.0040709,1.0944e-22,0,1,0.41,15,0.41,0.5
0.58375,0.0030287,2.2502e-22,0,1,0.42,15,0.42,0.5
0.59765,0.0019866,3.4061e-22,0,1,0.43,15,0.43,0.5
0.61155,0.00094442,4.5619e-22,0,1,0.44,15,0.44,0.5
0.62544,-9.7734e-05,5.7178e-22,0,1,0.45,15,0.45,0.5
0.63934,-0.0011399,6.8736e-22,0,1,0.46,15,0.46,0.5
0.65324,-0.0021821,8.0295e-22,0,1,0.47,15,0.47,0.5
0.66714,-0.0032242,9.1853e-22,0,1,0.48,15,0.48,0.5
0.67858,-0.0040731,8.6534e-22,0,1,0.49,15,0.49,0.5
0.68966,-0.0048942,7.8783e-22,0,1,0.5,15,0.5,0.5
0.70074,-0.0057153,7.1032e-22,0,1,0.51,15,0.51,0.5
0.71182,-0.0065364,6.3282e-22,0,1,0.52,15,0.52,0.5
0.7229,-0.0073575,5.5531e-22,0,1,0.53,15,0.53,0.5
0.73398,-0.0081786,4.778e-22,0,1,0.54,15,0.54,0.5
0.74506,-0.0089997,4.0029e-22,0,1,0.55,15,0.55,0.5
0.75614,-0.0098208,3.2279e-22,0,1,0.56,15,0.56,0.5
0.76707,-0.010601,2.4897e-22,0,1,0.57,15,0.57,0.5
0.77643,-0.01096,2.1353e-22,0,1,0.58,15,0.58,0.5
0.78579,-0.011318,1.7809e-22,0,1,0.59,15,0.59,0.5
0.79515,-0.011677,1.4265e-22,0,1,0.6,15,0.6,0.5
0.8045,-0.012035,1.0721e-22,0,1,0.61,15,0.61,0.5
0.81386,-0.012393,7.1768e-23,0,1,0.62,15,0.62,0.5
0.82322,-0.012752,3.6328e-23,0,1,0.63,15,0.63,0.5
0.83258,-0.01311,8.871e-25,0,1,0.64,15,0.64,0.5
0.84063,-0.013261,-2.8739e-24,0,1,0.65,15,0.65,0.5
0.84859,-0.013399,-4.6464e-24,0,1,0.66,15,0.66,0.5
0.85656,-0.013537,-6.4189e-24,0,1,0.67,15,0.67,0.5
0.86452,-0.013675,-8.1915e-24,0,1,0.68,15,0.68,0.5
0.87249,-0.013813,-9.964e-24,0,1,0.69,15,0.69,0.5
0.88045,-0.013951,-1.1736e-23,0,1,0.7,15,0.7,0.5
0.88842,-0.014089,-1.3509e-23,0,1,0.71,15,0.71,0.5
0.89574,-0.01419,-1.2192e-23,0,1,0.72,15,0.72,0.5
0.90291,-0.014281,-1.0074e-23,0,1,0.73,15,0.73,0.5
0.91007,-0.014372,-7.9564e-24,0,1,0.74,15,0.74,0.5
0.91723,-0.014463,-5.8385e-24,0,1,0.75,15,0.75,0.5
0.92439,-0.014554,-3.7207e-24,0,1,0.76,15,0.76,0.5
0.93155,-0.014644,-1.6028e-24,0,1,0.77,15,0.77,0.5
0.93872,-0.014735,5.1499e-25,0,1,0.78,15,0.78,0.5
0.94536,-0.014763,1.2138e-24,0,1,0.79,15,0.79,0.5
0.95171,-0.014756,1.1395e-24,0,1,0.8,15,0.8,0.5
0.95807,-0.01475,1.0651e-24,0,1,0.81,15,0.81,0.5
0.96442,-0.014743,9.9079e-25,0,1,0.82,15,0.82,0.5
0.97078,-0.014736,9.1646e-25,0,1,0.83,15,0.83,0.5
0.97713,-0.014729,8.4213e-25,0,1,0.84,15,0.84,0.5
0.98349,-0.014722,7.678e-25,0,1,0.85,15,0.85,0.5
0.98945,-0.014676,6.7516e-25,0,1,0.86,15,0.86,0.5
0.99501,-0.014589,5.6424e-25,0,1,0.87,15,0.87,0.5
1.0006,-0.014503,4.5332e-25,0,1,0.88,15,0.88,0.5
1.0061,-0.014417,3.424e-25,0,1,0.89,15,0.89,0.5
1.0117,-0.01433,2.3149e-25,0,1,0.9,15,0.9,0.5
1.0173,-0.014244,1.2057e-25,0,1,0.91,15,0.91,0.5
1.0228,-0.014157,9.6486e-27,0,1,0.92,15,0.92,0.5
1.0281,-0.01405,-5.8969e-26,0,1,0.93,15,0.93,0.5
1.0329,-0.013906,-5.03e-26,0,1,0.94,15,0.94,0.5
1.0377,-0.013761,-4.1631e-26,0,1,0.95,15,0.95,0.5
1.0425,-0.013616,-3.2963e-26,0,1,0.96,15,0.96,0.5
1.0473,-0.013472,-2.4294e-26,0,1,0.97,15,0.97,0.5
1.0521,-0.013327,-1.5625e-26,0,1,0.98,15,0.98,0.5
1.0569,-0.013182,-6.9564e-27,0,1,0.99,15,0.99,0.5
1.0615,-0.013029,1.7149e-27,0,1,1,15,1,0.5
1.0656,-0.012841,1.0397e-26,0,1,1.01,15,1.01,0.5
1.0697,-0.012654,1.9078e-26,0,1,1.02,15,1.02,0.5
1.0737,-0.012467,2.776e-26,0,1,1.03,15,1.03,0.5
1.0778,-0.012279,3.6441e-26,0,1,1.04,15,1.04,0.5
1.0818,-0.012092,4.5123e-26,0,1,1.05,15,1.05,0.5
1.0859,-0.011905,5.3805e-26,0,1,1.06,15,1.06,0.5
1.0899,-0.011716,6.1443e-26,0,1,1.07,15,1.07,0.5
1.0933,-0.011498,5.2773e-26,0,1,1.08,15,1.08,0.5
1.0966,-0.01128,4.4103e-26,0,1,1.09,15,1.09,0.5
1.1,-0.011063,3.5432e-26,0,1,1.1,15,1.1,0.5
1.1034,-0.010845,2.6762e-26,0,1,1.11,15,1.11,0.5
1.1067,-0.010628,1.8092e-26,0,1,1.12,15,1.12,0.5
1.1101,-0.01041,9.4214e-27,0,1,1.13,15,1.13,0.5
1.1134,-0.010192,7.5108e-28,0,1,1.14,15,1.14,0.5
1.1162,-0.0099569,-7.0946e-27,0,1,1.15,15,1.15,0.5
1.1189,-0.0097198,-1.4862e-26,0,1,1.16,15,1.16,0.5
1.1217,-0.0094827,-2.263e-26,0,1,1.17,15,1.17,0.5
1.1244,-0.0092455,-3.0397e-26,0,1,1.18,15,1.18,0.5
1.1271,-0.0090084,-3.8165e-26,0,1,1.19,15,1.19,0.5
1.1298,-0.0087712,-4.5932e-26,0,1,1.2,15,1.2,0.5
1.1325,-0.0085341,-5.3699e-26,0,1,1.21,15,1.21,0.5
1.1348,-0.0082886,-4.2841e-26,0,1,1.22,15,1.22,0.5
1.137,-0.0080405,-2.6309e-26,0,1,1.23,15,1.23,0.5
1.1391,-0.0077925,-9.7772e-27,0,1,1.24,15,1.24,0.5
1.1413,-0.0075444,6.7546e-27,0,1,1.25,15,1.25,0.5
1.1434,-0.0072963,2.3286e-26,0,1,1.26,15,1.26,0.5
1.1456,-0.0070483,3.9818e-26,0,1,1.27,15,1.27,0.5
1.1477,-0.0068002,5.635e-26,0,1,1.28,15,1.28,0.5
1.1495,-0.0065493,6.202e-26,0,1,1.29,15,1.29,0.5
1.1512,-0.0062965,6.1024e-26,0,1,1.3,15,1.3,0.5
1.1528,-0.0060438,6.0029e-26,0,1,1.31,15,1.31,0.5
1.1545,-0.0057911,5.9034e-26,0,1,1.32,15,1.32,0.5
1.1561,-0.0055383,5.8038e-26,0,1,1.33,15,1.33,0.5
1.1578,-0.0052856,5.7043e-26,0,1,1.34,15,1.34,0.5
1.1594,-0.0050329,5.6048e-26,0,1,1.35,15,1.35,0.5
1.1608,-0.0047794,4.7706e-26,0,1,1.36,15,1.36,0.5
1.1621,-0.0045252,3.1178e-26,0,1,1.37,15,1.37,0.5
1.1633,-0.004271,1.465e-26,0,1,1.38,15,1.38,0.5
1.1645,-0.0040168,-1.8783e-27,0,1,1.39,15,1.39,0.5
1.1657,-0.0037625,-1.8407e-26,0,1,1.4,15,1.4,0.5
1.1669,-0.0035083,-3.4935e-26,0,1,1.41,15,1.41,0.5
1.1681,-0.0032541,-5.1463e-26,0,1,1.42,15,1.42,0.5
1.1693,-0.0029996,-5.9744e-26,0,1,1.43,15,1.43,0.5
1.1701,-0.0027444,-5.0984e-26,0,1,1.44,15,1.44,0.5
1.171,-0.0024892,-4.2225e-26,0,1,1.45,15,1.45,0.5
1.1719,-0.0022341,-3.3466e-26,0,1,1.46,15,1.46,0.5
1.1727,-0.0019789,-2.4707e-26,0,1,1.47,15,1.47,0.5
1.1736,-0.0017237,-1.5948e-26,0,1,1.48,15,1.48,0.5
1.1745,-0.0014686,-7.1888e-27,0,1,1.49,15,1.49,0.5
1.1753,-0.001213,-6.0523e-31,0,1,1.5,15,1.5,0.5
1.1759,-0.00095531,-4.4846e-31,0,1,1.51,15,1.51,0.5
1.1765,-0.00069764,-2.9168e-31,0,1,1.52,15,1.52,0.5
1.1771,-0.00043998,-1.349e-31,0,1,1.53,15,1.53,0.5
1.1777,-0.00018232,2.1874e-32,0,1,1.54,15,1.54,0.5
1.1783,7.5348e-05,1.7865e-31,0,1,1.55,15,1.55,0.5
1.1789,0.00033301,3.3543e-31,0,1,1.56,15,1.56,0.5
1.1794,0.00059087,3.7324e-28,0,1,1.57,15,1.57,0.5
1.1798,0.00085438,1.1818e-26,0,1,1.58,15,1.58,0.5
1.1802,0.0011179,2.3264e-26,0,1,1.59,15,1.59,0.5
1.1806,0.0013814,3.4709e-26,0,1,1.6,15,1.6,0.5
1.181,0.0016449,4.6154e-26,0,1,1.61,15,1.61,0.5
1.1813,0.0019084,5.7599e-26,0,1,1.62,15,1.62,0.5
1.1817,0.0021719,6.9045e-26,0,1,1.63,15,1.63,0.5
1.1821,0.0024354,8.049e-26,0,1,1.64,15,1.64,0.5
1.1824,0.0027084,8.1435e-26,0,1,1.65,15,1.65,0.5
1.1826,0.0029826,8.1027e-26,0,1,1.66,15,1.66,0.5
1.1828,0.0032567,8.0618e-26,0,1,1.67,15,1.67,0.5
1.183,0.0035309,8.021e-26,0,1,1.68,15,1.68,0.5
1.1833,0.0038051,7.9801e-26,0,1,1.69,15,1.69,0.5
1.1835,0.0040792,7.9393e-26,0,1,1.7,15,1.7,0.5
1.1837,0.0043534,7.8984e-26,0,1,1.71,15,1.71,0.5
1.1839,0.0046398,6.2264e-26,0,1,1.72,15,1.72,0.5
1.184,0.0049305,3.9783e-26,0,1,1.73,15,1.73,0.5
1.1841,0.0052212,1.7301e-26,0,1,1.74,15,1.74,0.5
1.1842,0.0055119,-5.1805e-27,0,1,1.75,15,1.75,0.5
1.1843,0.0058026,-2.7662e-26,0,1,1.76,15,1.76,0.5
1.1845,0.0060934,-5.0144e-26,0,1,1.77,15,1.77,0.5
1.1846,0.0063841,-7.2625e-26,0,1,1.78,15,1.78,0.5
1.1847,0.0066885,-8.6972e-26,0,1,1.79,15,1.79,0.5
1.1847,0.0070023,-9.5717e-26,0,1,1.8,15,1.8,0.5
1.1848,0.0073161,-1.0446e-25,0,1,1.81,15,1.81,0.5
1.1848,0.0076299,-1.1321e-25,0,1,1.82,15,1.82,0.5
1.1849,0.0079437,-1.2195e-25,0,1,1.83,15,1.83,0.5
1.1849,0.0082575,-1.307e-25,0,1,1.84,15,1.84,0.5
1.185,0.0085713,-1.3944e-25,0,1,1.85,15,1.85,0.5
1.185,0.0088985,-1.353e-25,0,1,1.86,15,1.86,0.5
1.185,0.0092423,-1.1511e-25,0,1,1.87,15,1.87,0.5
1.1851,0.0095861,-9.4924e-26,0,1,1.88,15,1.88,0.5
1.1851,0.00993,-7.4737e-26,0,1,1.89,15,1.89,0.5
1.1851,0.010274,-5.455e-26,0,1,1.9,15,1.9,0.5
1.1851,0.010618,-3.4362e-26,0,1,1.91,15,1.91,0.5
1.1851,0.010961,-1.4175e-26,0,1,1.92,15,1.92,0.5
1.1851,0.011316,4.4609e-27,0,1,1.93,15,1.93,0.5
1.1852,0.011697,1.9453e-26,0,1,1.94,15,1.94,0.5
1.1852,0.012078,3.4445e-26,0,1,1.95,15,1.95,0.5
1.1852,0.012459,4.9437e-26,0,1,1.96,15,1.96,0.5
1.1852,0.01284,6.4428e-26,0,1,1.97,15,1.97,0.5
1.1852,0.013221,7.942e-26,0,1,1.98,15,1.98,0.5
1.1852,0.013602,9.4412e-26,0,1,1.99,15,1.99,0.5
1.1852,0.013989,1.0485e-25,0,1,2,15,2,0.5
1.1852,0.014414,8.9862e-26,0,1,2.01,15,2.01,0.5
1.1853,0.014839,7.4872e-26,0,1,2.02,15,2.02,0.5
1.1853,0.015264,5.9883e-26,0,1,2.03,15,2.03,0.5
1.1853,0.015689,4.4893e-26,0,1,2.04,15,2.04,0.5
1.1853,0.016114,2.9904e-26,0,1,2.05,15,2.05,0.5
1.1853,0.016539,1.4914e-26,0,1,2.06,15,2.06,0.5
1.1854,0.016964,-7.5565e-29,0,1,2.07,15,2.07,0.5
1.1854,0.017441,-4.7768e-27,0,1,2.08,15,2.08,0.5
1.1854,0.017917,-9.5299e-27,0,1,2.09,15,2.09,0.5
1.1855,0.018393,-1.4283e-26,0,1,2.1,15,2.1,0.5
1.1855,0.018869,-1.9036e-26,0,1,2.11,15,2.11,0.5
1.1856,0.019345,-2.3789e-26,0,1,2.12,15,2.12,0.5
1.1856,0.019821,-2.8542e-26,0,1,2.13,15,2.13,0.5
1.1856,0.020297,-3.3295e-26,0,1,2.14,15,2.14,0.5
1.1857,0.020823,-2.9888e-26,0,1,2.15,15,2.15,0.5
1.1858,0.021357,-2.5133e-26,0,1,2.16,15,2.16,0.5
1.1858,0.021891,-2.0378e-26,0,1,2.17,15,2.17,0.5
1.1859,0.022425,-1.5623e-26,0,1,2.18,15,2.18,0.5
1.186,0.022959,-1.0868e-26,0,1,2.19,15,2.19,0.5
1.186,0.023493,-6.1134e-27,0,1,2.2,15,2.2,0.5
1.1861,0.024027,-1.3586e-27,0,1,2.21,15,2.21,0.5
1.1862,0.024607,2.9406e-27,0,1,2.22,15,2.22,0.5
1.1863,0.025205,7.0551e-27,0,1,2.23,15,2.23,0.5
1.1864,0.025804,1.117e-26,0,1,2.24,15,2.24,0.5
1.1865,0.026402,1.5284e-26,0,1,2.25,15,2.25,0.5
1.1866,0.027001,1.9399e-26,0,1,2.26,15,2.26,0.5
1.1867,0.027599,2.3513e-26,0,1,2.27,15,2.27,0.5
1.1868,0.028197,2.7628e-26,0,1,2.28,15,2.28,0.5
1.1869,0.028836,2.7093e-26,0,1,2.29,15,2.29,0.5
1.187,0.029505,2.2976e-26,0,1,2.3,15,2.3,0.5
1.1872,0.030174,1.8858e-26,0,1,2.31,15,2.31,0.5
1.1873,0.030843,1.474e-26,0,1,2.32,15,2.32,0.5
1.1874,0.031512,1.0623e-26,0,1,2.33,15,2.33,0.5
1.1876,0.032181,6.5053e-27,0,1,2.34,15,2.34,0.5
1.1877,0.03285,2.3877e-27,0,1,2.35,15,2.35,0.5
1.1878,0.033551,-7.6977e-27,0,1,2.36,15,2.36,0.5
1.188,0.034297,-2.6095e-26,0,1,2.37,15,2.37,0.5
1.1882,0.035043,-4.4492e-26,0,1,2.38,15,2.38,0.5
1.1883,0.035788,-6.2889e-26,0,1,2.39,15,2.39,0.5
1.1885,0.036534,-8.1286e-26,0,1,2.4,15,2.4,0.5
1.1887,0.037279,-9.9683e-26,0,1,2.41,15,2.41,0.5
1.1888,0.038025,-1.1808e-25,0,1,2.42,15,2.42,0.5
1.189,0.038792,-1.265e-25,0,1,2.43,15,2.43,0.5
1.1892,0.039619,-1.081e-25,0,1,2.44,15,2.44,0.5
1.1894,0.040446,-8.9704e-26,0,1,2.45,15,2.45,0.5
1.1895,0.041273,-7.1307e-26,0,1,2.46,15,2.46,0.5
1.1897,0.0421,-5.2909e-26,0,1,2.47,15,2.47,0.5
1.1899,0.042928,-3.4511e-26,0,1,2.48,15,2.48,0.5
1.1901,0.043755,-1.6113e-26,0,1,2.49,15,2.49,0.5
1.1903,0.044592,1.6372e-27,0,1,2.5,15,2.5,0.5
1.1905,0.045505,1.4832e-26,0,1,2.51,15,2.51,0.5
1.1907,0.046418,2.8027e-26,0,1,2.52,15,2.52,0.5
1.1909,0.047331,4.1222e-26,0,1,2.53,15,2.53,0.5
1.1911,0.048244,5.4417e-26,0,1,2.54,15,2.54,0.5
1.1913,0.049157,6.7611e-26,0,1,2.55,15,2.55,0.5
1.1915,0.05007,8.0806e-26,0,1,2.56,15,2.56,0.5
1.1917,0.050983,9.4001e-26,0,1,2.57,15,2.57,0.5
1.1919,0.051983,8.1398e-26,0,1,2.58,15,2.58,0.5
1.1921,0.052985,6.8203e-26,0,1,2.59,15,2.59,0.5
1.1923,0.053988,5.5009e-26,0,1,2.6,15,2.6,0.5
1.1926,0.05499,4.1815e-26,0,1,2.61,15,2.61,0.5
1.1928,0.055992,2.8621e-26,0,1,2.62,15,2.62,0.5
1.193,0.056994,1.5426e-26,0,1,2.63,15,2.63,0.5
1.1932,0.057996,2.2319e-27,0,1,2.64,15,2.64,0.5
1.1934,0.059075,0,0,1,2.65,15,2.65,0.5
1.1936,0.060169,0,0,1,2.66,15,2.66,0.5
1.1938,0.061263,0,0,1,2.67,15,2.67,0.5
1.194,0.062356,0,0,1,2.68,15,2.68,0.5
1.1942,0.06345,0,0,1,2.69,15,2.69,0.5
1.1944,0.064544,0,0,1,2.7,15,2.7,0.5
1.1946,0.065638,0,0,1,2.71,15,2.71,0.5
1.1948,0.066796,2.8945e-26,0,1,2.72,15,2.72,0.5
1.195,0.067983,7.1257e-26,0,1,2.73,15,2.73,0.5
1.1952,0.069169,1.1357e-25,0,1,2.74,15,2.74,0.5
1.1954,0.070356,1.5588e-25,0,1,2.75,15,2.75,0.5
1.1956,0.071543,1.9819e-25,0,1,2.76,15,2.76,0.5
1.1958,0.07273,2.4051e-25,0,1,2.77,15,2.77,0.5
1.196,0.073917,2.8282e-25,0,1,2.78,15,2.78,0.5
1.1962,0.075154,3.0658e-25,0,1,2.79,15,2.79,0.5
1.1963,0.076434,3.1437e-25,0,1,2.8,15,2.8,0.5
1.1965,0.077714,3.2216e-25,0,1,2.81,15,2.81,0.5
1.1967,0.078994,3.2995e-25,0,1,2.82,15,2.82,0.5
1.1968,0.080274,3.3774e-25,0,1,2.83,15,2.83,0.5
1.197,0.081555,3.4553e-25,0,1,2.84,15,2.84,0.5
1.1972,0.082835,3.5331e-25,0,1,2.85,15,2.85,0.5
1.1973,0.084151,2.9904e-25,0,1,2.86,15,2.86,0.5
1.1974,0.085524,1.4791e-25,0,1,2.87,15,2.87,0.5
1.1976,0.086897,-3.2248e-27,0,1,2.88,15,2.88,0.5
1.1977,0.08827,-1.5436e-25,0,1,2.89,15,2.89,0.5
1.1978,0.089643,-3.0549e-25,0,1,2.9,15,2.9,0.5
1.1979,0.091016,-4.5662e-25,0,1,2.91,15,2.91,0.5
1.198,0.092389,-6.0775e-25,0,1,2.92,15,2.92,0.5
1.1982,0.093784,-7.0963e-25,0,1,2.93,15,2.93,0.5
1.1982,0.095249,-6.587e-25,0,1,2.94,15,2.94,0.5
1.1983,0.096713,-6.0777e-25,0,1,2.95,15,2.95,0.5
1.1983,0.098178,-5.5684e-25,0,1,2.96,15,2.96,0.5
1.1984,0.099642,-5.0591e-25,0,1,2.97,15,2.97,0.5
1.1985,0.10111,-4.5498e-25,0,1,2.98,15,2.98,0.5
1.1985,0.10257,-4.0405e-25,0,1,2.99,15,2.99,0.5
1.1986,0.10404,-3.475e-25,0,1,3,15,3,0.5
1.1986,0.1056,-2.3868e-25,0,1,3.01,15,3.01,0.5
1.1986,0.10715,-1.2986e-25,0,1,3.02,15,3.02,0.5
1.1986,0.10871,-2.1043e-26,0,1,3.03,15,3.03,0.5
1.1986,0.11026,8.7776e-26,0,1,3.04,15,3.04,0.5
1.1986,0.11182,1.966e-25,0,1,3.05,15,3.05,0.5
1.1986,0.11337,3.0542e-25,0,1,3.06,15,3.06,0.5
1.1986,0.11493,4.1424e-25,0,1,3.07,15,3.07,0.5
1.1985,0.11657,2.7778e-25,0,1,3.08,15,3.08,0.5
1.1984,0.11821,1.2847e-25,0,1,3.09,15,3.09,0.5
1.1983,0.11985,-2.0838e-26,0,1,3.1,15,3.1,0.5
1.1982,0.12149,-1.7015e-25,0,1,3.11,15,3.11,0.5
1.1981,0.12314,-3.1946e-25,0,1,3.12,15,3.12,0.5
1.1981,0.12478,-4.6877e-25,0,1,3.13,15,3.13,0.5
1.198,0.12642,-6.1808e-25,0,1,3.14,15,3.14,0.5
1.1978,0.12813,-6.5786e-25,0,1,3.15,15,3.15,0.5
1.1976,0.12986,-6.7084e-25,0,1,3.16,15,3.16,0.5
1.1974,0.13159,-6.8383e-25,0,1,3.17,15,3.17,0.5
1.1973,0.13332,-6.9681e-25,0,1,3.18,15,3.18,0.5
1.1971,0.13505,-7.0979e-25,0,1,3.19,15,3.19,0.5
1.1969,0.13678,-7.2277e-25,0,1,3.2,15,3.2,0.5
1.1967,0.13851,-7.3576e-25,0,1,3.21,15,3.21,0.5
1.1964,0.1403,-6.1271e-25,0,1,3.22,15,3.22,0.5
1.1962,0.14211,-4.1853e-25,0,1,3.23,15,3.23,0.5
1.1959,0.14392,-2.2435e-25,0,1,3.24,15,3.24,0.5
1.1956,0.14574,-3.0172e-26,0,1,3.25,15,3.25,0.5
1.1953,0.14755,1.6401e-25,0,1,3.26,15,3.26,0.5
1.195,0.14936,3.5818e-25,0,1,3.27,15,3.27,0.5
1.1947,0.15118,5.5236e-25,0,1,3.28,15,3.28,0.5
1.1943,0.15303,5.86e-25,0,1,3.29,15,3.29,0.5
1.1939,0.15493,4.6533e-25,0,1,3.3,15,3.3,0.5
1.1935,0.15683,3.4466e-25,0,1,3.31,15,3.31,0.5
1.1931,0.15872,2.2399e-25,0,1,3.32,15,3.32,0.5
1.1927,0.16062,1.0331e-25,0,1,3.33,15,3.33,0.5
1.1923,0.16251,-1.7358e-26,0,1,3.34,15,3.34,0.5
1.1918,0.16441,-1.3803e-25,0,1,3.35,15,3.35,0.5
1.1914,0.16634,-2.0396e-25,0,1,3.36,15,3.36,0.5
1.1908,0.16831,-1.7387e-25,0,1,3.37,15,3.37,0.5
1.1903,0.17029,-1.4379e-25,0,1,3.38,15,3.38,0.5
1.1897,0.17226,-1.137e-25,0,1,3.39,15,3.39,0.5
1.1892,0.17424,-8.3614e-26,0,1,3.4,15,3.4,0.5
1.1886,0.17621,-5.3528e-26,0,1,3.41,15,3.41,0.5
1.1881,0.17819,-2.3442e-26,0,1,3.42,15,3.42,0.5
1.1875,0.18018,-7.6179e-27,0,1,3.43,15,3.43,0.5
1.1868,0.18223,-4.345e-26,0,1,3.44,15,3.44,0.5
1.1861,0.18429,-7.9282e-26,0,1,3.45,15,3.45,0.5
1.1854,0.18634,-1.1511e-25,0,1,3.46,15,3.46,0.5
1.1847,0.18839,-1.5095e-25,0,1,3.47,15,3.47,0.5
1.184,0.19044,-1.8678e-25,0,1,3.48,15,3.48,0.5
1.1833,0.19249,-2.2261e-25,0,1,3.49,15,3.49,0.5
1.1826,0.19455,-2.5346e-25,0,1,3.5,15,3.5,0.5
1.1818,0.19667,-2.176e-25,0,1,3.51,15,3.51,0.5
1.1809,0.1988,-1.8175e-25,0,1,3.52,15,3.52,0.5
1.1801,0.20092,-1.459e-25,0,1,3.53,15,3.53,0.5
1.1792,0.20304,-1.1005e-25,0,1,3.54,15,3.54,0.5
1.1784,0.20517,-7.4203e-26,0,1,3.55,15,3.55,0.5
1.1775,0.20729,-3.8353e-26,0,1,3.56,15,3.56,0.5
1.1767,0.20942,-2.5026e-27,0,1,3.57,15,3.57,0.5
1.1757,0.2116,3.512e-25,0,1,3.58,15,3.58,0.5
1.1746,0.21379,7.315e-25,0,1,3.59,15,3.59,0.5
1.1736,0.21598,1.1118e-24,0,1,3.6,15,3.6,0.5
1.1726,0.21817,1.4921e-24,0,1,3.61,15,3.61,0.5
1.1716,0.22035,1.8724e-24,0,1,3.62,15,3.62,0.5
1.1706,0.22254,2.2527e-24,0,1,3.63,15,3.63,0.5
1.1695,0.22473,2.633e-24,0,1,3.64,15,3.64,0.5
1.1684,0.22697,2.6039e-24,0,1,3.65,15,3.65,0.5
1.1672,0.22921,2.4568e-24,0,1,3.66,15,3.66,0.5
1.166,0.23146,2.3096e-24,0,1,3.67,15,3.67,0.5
1.1648,0.23371,2.1624e-24,0,1,3.68,15,3.68,0.5
1.1636,0.23595,2.0153e-24,0,1,3.69,15,3.69,0.5
1.1624,0.2382,1.8681e-24,0,1,3.7,15,3.7,0.5
1.1612,0.24045,1.7209e-24,0,1,3.71,15,3.71,0.5
1.1599,0.24272,1.3869e-24,0,1,3.72,15,3.72,0.5
1.1586,0.24502,9.4275e-25,0,1,3.73,15,3.73,0.5
1.1572,0.24731,4.9862e-25,0,1,3.74,15,3.74,0.5
1.1558,0.2496,5.4481e-26,0,1,3.75,15,3.75,0.5
1.1544,0.2519,-3.8965e-25,0,1,3.76,15,3.76,0.5
1.1531,0.25419,-8.3379e-25,0,1,3.77,15,3.77,0.5
1.1517,0.25649,-1.2779e-24,0,1,3.78,15,3.78,0.5
1.1502,0.2588,-1.5185e-24,0,1,3.79,15,3.79,0.5
1.1487,0.26113,-1.5409e-24,0,1,3.8,15,3.8,0.5
1.1471,0.26346,-1.5633e-24,0,1,3.81,15,3.81,0.5
1.1456,0.26579,-1.5856e-24,0,1,3.82,15,3.82,0.5
1.144,0.26812,-1.608e-24,0,1,3.83,15,3.83,0.5
1.1425,0.27045,-1.6303e-24,0,1,3.84,15,3.84,0.5
1.1409,0.27278,-1.6527e-24,0,1,3.85,15,3.85,0.5
1.1393,0.27512,-1.487e-24,0,1,3.86,15,3.86,0.5
1.1375,0.27747,-9.4925e-25,0,1,3.87,15,3.87,0.5
1.1358,0.27982,-4.1151e-25,0,1,3.88,15,3.88,0.5
1.1341,0.28217,1.2622e-25,0,1,3.89,15,3.89,0.5
1.1323,0.28452,6.6395e-25,0,1,3.9,15,3.9,0.5
1.1306,0.28688,1.2017e-24,0,1,3.91,15,3.91,0.5
1.1288,0.28923,1.7394e-24,0,1,3.92,15,3.92,0.5
1.1271,0.29158,2.118e-24,0,1,3.93,15,3.93,0.5
1.1252,0.29394,1.8134e-24,0,1,3.94,15,3.94,0.5
1.1232,0.2963,1.5089e-24,0,1,3.95,15,3.95,0.5
1.1213,0.29866,1.2043e-24,0,1,3.96,15,3.96,0.5
1.1194,0.30102,8.9976e-25,0,1,3.97,15,3.97,0.5
1.1175,0.30338,5.9522e-25,0,1,3.98,15,3.98,0.5
1.1156,0.30574,2.9067e-25,0,1,3.99,15,3.99,0.5
1.1136,0.30809,-1.3873e-26,0,1,4,15,4,0.5
1.1115,0.31044,-3.1829e-25,0,1,4.01,15,4.01,0.5
1.1094,0.31279,-6.2268e-25,0,1,4.02,15,4.02,0.5
1.1074,0.31514,-9.2709e-25,0,1,4.03,15,4.03,0.5
1.1053,0.31749,-1.2315e-24,0,1,4.04,15,4.04,0.5
1.1032,0.31984,-1.5359e-24,0,1,4.05,15,4.05,0.5
1.1011,0.32219,-1.8403e-24,0,1,4.06,15,4.06,0.5
1.099,0.32453,-2.1447e-24,0,1,4.07,15,4.07,0.5
1.0968,0.32686,-1.9038e-24,0,1,4.08,15,4.08,0.5
1.0945,0.32918,-1.5993e-24,0,1,4.09,15,4.09,0.5
1.0923,0.3315,-1.2947e-24,0,1,4.1,15,4.1,0.5
1.09,0.33382,-9.9018e-25,0,1,4.11,15,4.11,0.5
1.0878,0.33614,-6.8564e-25,0,1,4.12,15,4.12,0.5
1.0855,0.33846,-3.8108e-25,0,1,4.13,15,4.13,0.5
1.0833,0.34078,-7.6545e-26,0,1,4.14,15,4.14,0.5
1.0809,0.34307,2.9416e-25,0,1,4.15,15,4.15,0.5
1.0786,0.34535,6.8705e-25,0,1,4.16,15,4.16,0.5
1.0762,0.34762,1.08e-24,0,1,4.17,15,4.17,0.5
1.0738,0.3499,1.4729e-24,0,1,4.18,15,4.18,0.5
1.0714,0.35217,1.8658e-24,0,1,4.19,15,4.19,0.5
1.069,0.35445,2.2587e-24,0,1,4.2,15,4.2,0.5
1.0666,0.35672,2.6516e-24,0,1,4.21,15,4.21,0.5
1.0642,0.35896,2.8184e-24,0,1,4.22,15,4.22,0.5
1.0617,0.36117,2.8357e-24,0,1,4.23,15,4.23,0.5
1.0592,0.36338,2.853e-24,0,1,4.24,15,4.24,0.5
1.0567,0.36559,2.8702e-24,0,1,4.25,15,4.25,0.5
1.0542,0.3678,2.8875e-24,0,1,4.26,15,4.26,0.5
1.0517,0.37002,2.9048e-24,0,1,4.27,15,4.27,0.5
1.0492,0.37223,2.9221e-24,0,1,4.28,15,4.28,0.5
1.0467,0.3744,2.3724e-24,0,1,4.29,15,4.29,0.5
1.0441,0.37653,1.1438e-24,0,1,4.3,15,4.3,0.5
1.0415,0.37866,-8.4766e-26,0,1,4.31,15,4.31,0.5
1.0389,0.38079,-1.3134e-24,0,1,4.32,15,4.32,0.5
1.0364,0.38292,-2.5419e-24,0,1,4.33,15,4.33,0.5
1.0338,0.38505,-3.7705e-24,0,1,4.34,15,4.34,0.5
1.0312,0.38719,-4.999e-24,0,1,4.35,15,4.35,0.5
1.0286,0.38929,-5.7229e-24,0,1,4.36,15,4.36,0.5
1.026,0.39132,-5.3149e-24,0,1,4.37,15,4.37,0.5
1.0233,0.39335,-4.907e-24,0,1,4.38,15,4.38,0.5
1.0207,0.39539,-4.499e-24,0,1,4.39,15,4.39,0.5
1.0181,0.39742,-4.0911e-24,0,1,4.4,15,4.4,0.5
1.0155,0.39945,-3.6831e-24,0,1,4.41,15,4.41,0.5
1.0128,0.40149,-3.2751e-24,0,1,4.42,15,4.42,0.5
1.0102,0.4035,-2.7981e-24,0,1,4.43,15,4.43,0.5
1.0075,0.40543,-1.9624e-24,0,1,4.44,15,4.44,0.5
1.0049,0.40735,-1.1267e-24,0,1,4.45,15,4.45,0.5
1.0023,0.40927,-2.9107e-25,0,1,4.46,15,4.46,0.5
0.99961,0.41119,5.4456e-25,0,1,4.47,15,4.47,0.5
0.99697,0.41312,1.3802e-24,0,1,4.48,15,4.48,0.5
0.99432,0.41504,2.2159e-24,0,1,4.49,15,4.49,0.5
0.99168,0.41696,3.0328e-24,0,1,4.5,15,4.5,0.5
0.98906,0.41876,2.6075e-24,0,1,4.51,15,4.51,0.5
0.98644,0.42056,2.1823e-24,0,1,4.52,15,4.52,0.5
0.98382,0.42235,1.757e-24,0,1,4.53,15,4.53,0.5
0.9812,0.42415,1.3318e-24,0,1,4.54,15,4.54,0.5
0.97859,0.42595,9.0656e-25,0,1,4.55,15,4.55,0.5
0.97597,0.42775,4.8132e-25,0,1,4.56,15,4.56,0.5
0.97335,0.42955,5.6067e-26,0,1,4.57,15,4.57,0.5
0.97079,0.43123,4.347e-29,0,1,4.58,15,4.58,0.5
0.96824,0.43289,9.3545e-29,0,1,4.59,15,4.59,0.5
0.96568,0.43456,1.4362e-28,0,1,4.6,15,4.6,0.5
0.96313,0.43622,1.9369e-28,0,1,4.61,15,4.61,0.5
0.96058,0.43788,2.4376e-28,0,1,4.62,15,4.62,0.5
0.95803,0.43955,2.9384e-28,0,1,4.63,15,4.63,0.5
0.95548,0.44121,3.4391e-28,0,1,4.64,15,4.64,0.5
0.953,0.44277,4.2988e-28,0,1,4.65,15,4.65,0.5
0.95056,0.44429,5.2971e-28,0,1,4.66,15,4.66,0.5
0.94812,0.44581,6.2955e-28,0,1,4.67,15,4.67,0.5
0.94568,0.44734,7.2938e-28,0,1,4.68,15,4.68,0.5
0.94323,0.44886,8.2922e-28,0,1,4.69,15,4.69,0.5
0.94079,0.45038,9.2905e-28,0,1,4.7,15,4.7,0.5
0.93835,0.4519,1.0289e-27,0,1,4.71,15,4.71,0.5
0.93599,0.45333,9.2963e-28,0,1,4.72,15,4.72,0.5
0.9337,0.4547,6.8296e-28,0,1,4.73,15,4.73,0.5
0.93141,0.45607,4.3631e-28,0,1,4.74,15,4.74,0.5
0.92911,0.45745,1.8964e-28,0,1,4.75,15,4.75,0.5
0.92682,0.45882,-5.7031e-29,0,1,4.76,15,4.76,0.5
0.92453,0.46019,-3.0369e-28,0,1,4.77,15,4.77,0.5
0.92223,0.46156,-5.5036e-28,0,1,4.78,15,4.78,0.5
0.92002,0.46286,-5.7075e-28,0,1,4.79,15,4.79,0.5
0.91792,0.46408,-2.8853e-28,0,1,4.8,15,4.8,0.5
0.91582,0.4653,-6.323e-30,0,1,4.81,15,4.81,0.5
0.91371,0.46651,2.759e-28,0,1,4.82,15,4.82,0.5
0.91161,0.46773,5.581e-28,0,1,4.83,15,4.83,0.5
0.9095,0.46894,8.4032e-28,0,1,4.84,15,4.84,0.5
0.9074,0.47016,1.1225e-27,0,1,4.85,15,4.85,0.5
0.90536,0.47133,1.2778e-27,0,1,4.86,15,4.86,0.5
0.90348,0.47239,1.1086e-27,0,1,4.87,15,4.87,0.5
0.90161,0.47345,9.3927e-28,0,1,4.88,15,4.88,0.5
0.89973,0.4745,7.6999e-28,0,1,4.89,15,4.89,0.5
0.89785,0.47556,6.0071e-28,0,1,4.9,15,4.9,0.5
0.89597,0.47662,4.3143e-28,0,1,4.91,15,4.91,0.5
0.8941,0.47768,2.6214e-28,0,1,4.92,15,4.92,0.5
0.89225,0.47871,6.4295e-29,0,1,4.93,15,4.93,0.5
0.89063,0.47961,-3.1776e-28,0,1,4.94,15,4.94,0.5
0.88902,0.4805,-6.998e-28,0,1,4.95,15,4.95,0.5
0.8874,0.4814,-1.0819e-27,0,1,4.96,15,4.96,0.5
0.88578,0.4823,-1.4639e-27,0,1,4.97,15,4.97,0.5
0.88416,0.48319,-1.846e-27,0,1,4.98,15,4.98,0.5
0.88254,0.48409,-2.228e-27,0,1,4.99,15,4.99,0.5
0.88092,0.48498,-2.6101e-27,0,1,5,15,5,0.5
0.87959,0.48572,-2.3323e-27,0,1,5.01,15,5.01,0.5
0.87825,0.48645,-2.0463e-27,0,1,5.02,15,5.02,0.5
0.87692,0.48718,-1.7602e-27,0,1,5.03,15,5.03,0.5
0.87559,0.48791,-1.4742e-27,0,1,5.04,15,5.04,0.5
0.87425,0.48864,-1.1882e-27,0,1,5.05,15,5.05,0.5
0.87292,0.48938,-9.0215e-28,0,1,5.06,15,5.06,0.5
0.87159,0.49011,-6.161e-28,0,1,5.07,15,5.07,0.5
0.87052,0.4907,-5.7056e-28,0,1,5.08,15,5.08,0.5
0.86949,0.49126,-5.7056e-28,0,1,5.09,15,5.09,0.5
0.86847,0.49183,-5.7056e-28,0,1,5.1,15,5.1,0.5
0.86744,0.49239,-5.7056e-28,0,1,5.11,15,5.11,0.5
0.86642,0.49296,-5.7056e-28,0,1,5.12,15,5.12,0.5
0.86539,0.49352,-5.7056e-28,0,1,5.13,15,5.13,0.5
0.86437,0.49409,-5.7056e-28,0,1,5.14,15,5.14,0.5
0.86357,0.49453,-5.3741e-28,0,1,5.15,15,5.15,0.5
0.86287,0.49493,-4.8965e-28,0,1,5.16,15,5.16,0.5
0.86216,0.49532,-4.4189e-28,0,1,5.17,15,5.17,0.5
0.86146,0.49572,-3.9413e-28,0,1,5.18,15,5.18,0.5
0.86076,0.49611,-3.4636e-28,0,1,5.19,15,5.19,0.5
0.86006,0.49651,-2.986e-28,0,1,5.2,15,5.2,0.5
0.85936,0.4969,-2.5084e-28,0,1,5.21,15,5.21,0.5
0.85884,0.4972,1.103e-25,0,1,5.22,15,5.22,0.5
0.85847,0.49742,3.1229e-25,0,1,5.23,15,5.23,0.5
0.8581,0.49765,5.1427e-25,0,1,5.24,15,5.24,0.5
0.85773,0.49787,7.1627e-25,0,1,5.25,15,5.25,0.5
0.85736,0.49809,9.1826e-25,0,1,5.26,15,5.26,0.5
0.85699,0.49831,1.1202e-24,0,1,5.27,15,5.27,0.5
0.85662,0.49854,1.3222e-24,0,1,5.28,15,5.28,0.5
0.85639,0.49869,1.3624e-24,0,1,5.29,15,5.29,0.5
0.85635,0.49873,1.1605e-24,0,1,5.3,15,5.3,0.5
0.85631,0.49878,9.5855e-25,0,1,5.31,15,5.31,0.5
0.85628,0.49883,7.566e-25,0,1,5.32,15,5.32,0.5
0.85624,0.49887,5.5466e-25,0,1,5.33,15,5.33,0.5
0.85621,0.49892,3.5271e-25,0,1,5.34,15,5.34,0.5
0.85617,0.49896,1.5077e-25,0,1,5.35,15,5.35,0.5
0.85622,0.49897,-7.8882e-26,0,1,5.36,15,5.36,0.5
0.85651,0.49883,-3.8999e-25,0,1,5.37,15,5.37,0.5
0.8568,0.4987,-7.0111e-25,0,1,5.38,15,5.38,0.5
0.85709,0.49856,-1.0122e-24,0,1,5.39,15,5.39,0.5
0.85738,0.49843,-1.3233e-24,0,1,5.4,15,5.4,0.5
0.85767,0.4983,-1.6344e-24,0,1,5.41,15,5.41,0.5
0.85796,0.49816,-1.9456e-24,0,1,5.42,15,5.42,0.5
0.85829,0.49801,-2.1835e-24,0,1,5.43,15,5.43,0.5
0.85889,0.49769,-1.8109e-24,0,1,5.44,15,5.44,0.5
0.8595,0.49738,-1.4383e-24,0,1,5.45,15,5.45,0.5
0.8601,0.49706,-1.0656e-24,0,1,5.46,15,5.46,0.5
0.86071,0.49674,-6.9303e-25,0,1,5.47,15,5.47,0.5
0.86131,0.49643,-3.204e-25,0,1,5.48,15,5.48,0.5
0.86192,0.49611,5.2218e-26,0,1,5.49,15,5.49,0.5
0.86253,0.49579,4.2485e-25,0,1,5.5,15,5.5,0.5
0.86341,0.4953,4.8538e-25,0,1,5.51,15,5.51,0.5
0.86431,0.4948,5.3298e-25,0,1,5.52,15,5.52,0.5
0.86521,0.4943,5.8058e-25,0,1,5.53,15,5.53,0.5
0.86611,0.49379,6.2818e-25,0,1,5.54,15,5.54,0.5
0.86701,0.49329,6.7578e-25,0,1,5.55,15,5.55,0.5
0.86791,0.49279,7.2338e-25,0,1,5.56,15,5.56,0.5
0.86881,0.49229,7.7098e-25,0,1,5.57,15,5.57,0.5
0.86993,0.49163,6.4105e-25,0,1,5.58,15,5.58,0.5
0.8711,0.49094,4.704e-25,0,1,5.59,15,5.59,0.5
0.87227,0.49025,2.9976e-25,0,1,5.6,15,5.6,0.5
0.87344,0.48956,1.2911e-25,0,1,5.61,15,5.61,0.5
0.87461,0.48887,-4.1535e-26,0,1,5.62,15,5.62,0.5
0.87578,0.48818,-2.1219e-25,0,1,5.63,15,5.63,0.5
0.87695,0.48749,-3.8283e-25,0,1,5.64,15,5.64,0.5
0.87827,0.48668,-3.9869e-25,0,1,5.65,15,5.65,0.5
0.87968,0.4858,-3.3717e-25,0,1,5.66,15,5.66,0.5
0.88109,0.48492,-2.7564e-25,0,1,5.67,15,5.67,0.5
0.8825,0.48405,-2.1412e-25,0,1,5.68,15,5.68,0.5
0.8839,0.48317,-1.5259e-25,0,1,5.69,15,5.69,0.5
0.88531,0.48229,-9.1073e-26,0,1,5.7,15,5.7,0.5
0.88672,0.48141,-2.9549e-26,0,1,5.71,15,5.71,0.5
0.88823,0.48044,-1.2771e-29,0,1,5.72,15,5.72,0.5
0.88985,0.47938,-1.2771e-29,0,1,5.73,15,5.73,0.5
0.89146,0.47832,-1.2771e-29,0,1,5.74,15,5.74,0.5
0.89307,0.47725,-1.2771e-29,0,1,5.75,15,5.75,0.5
0.89468,0.47619,-1.2771e-29,0,1,5.76,15,5.76,0.5
0.8963,0.47513,-1.2771e-29,0,1,5.77,15,5.77,0.5
0.89791,0.47407,-1.2771e-29,0,1,5.78,15,5.78,0.5
0.89958,0.47294,-1.2104e-29,0,1,5.79,15,5.79,0.5
0.90136,0.47169,-1.0317e-29,0,1,5.8,15,5.8,0.5
0.90315,0.47045,-8.5303e-30,0,1,5.81,15,5.81,0.5
0.90493,0.46921,-6.7433e-30,0,1,5.82,15,5.82,0.5
0.90671,0.46796,-4.9564e-30,0,1,5.83,15,5.83,0.5
0.90849,0.46672,-3.1694e-30,0,1,5.84,15,5.84,0.5
0.91027,0.46548,-1.3824e-30,0,1,5.85,15,5.85,0.5
0.91208,0.4642,0,0,1,5.86,15,5.86,0.5
0.91399,0.46278,0,0,1,5.87,15,5.87,0.5
0.9159,0.46137,0,0,1,5.88,15,5.88,0.5
0.91781,0.45995,0,0,1,5.89,15,5.89,0.5
0.91972,0.45854,0,0,1,5.9,15,5.9,0.5
0.92163,0.45712,0,0,1,5.91,15,5.91,0.5
0.92354,0.4557,0,0,1,5.92,15,5.92,0.5
0.92546,0.45428,-1.7096e-26,0,1,5.93,15,5.93,0.5
0.92747,0.4527,-2.3178e-25,0,1,5.94,15,5.94,0.5
0.92947,0.45112,-4.4646e-25,0,1,5.95,15,5.95,0.5
0.93147,0.44954,-6.6115e-25,0,1,5.96,15,5.96,0.5
0.93348,0.44797,-8.7583e-25,0,1,5.97,15,5.97,0.5
0.93548,0.44639,-1.0905e-24,0,1,5.98,15,5.98,0.5
0.93749,0.44481,-1.3052e-24,0,1,5.99,15,5.99,0.5
0.93949,0.44323,-1.5199e-24,0,1,6,15,6,0.5
0.94155,0.44152,-1.3341e-24,0,1,6.01,15,6.01,0.5
0.94361,0.43979,-1.1195e-24,0,1,6.02,15,6.02,0.5
0.94567,0.43806,-9.0496e-25,0,1,6.03,15,6.03,0.5
0.94773,0.43634,-6.9039e-25,0,1,6.04,15,6.04,0.5
0.94979,0.43461,-4.758e-25,0,1,6.05,15,6.05,0.5
0.95185,0.43289,-2.6123e-25,0,1,6.06,15,6.06,0.5
0.95391,0.43116,-4.664e-26,0,1,6.07,15,6.07,0.5
0.95599,0.42933,3.71e-25,0,1,6.08,15,6.08,0.5
0.95807,0.42747,8.439e-25,0,1,6.09,15,6.09,0.5
0.96016,0.42561,1.3168e-24,0,1,6.1,15,6.1,0.5
0.96224,0.42375,1.7897e-24,0,1,6.11,15,6.11,0.5
0.96433,0.4219,2.2626e-24,0,1,6.12,15,6.12,0.5
0.96641,0.42004,2.7355e-24,0,1,6.13,15,6.13,0.5
0.96849,0.41818,3.2083e-24,0,1,6.14,15,6.14,0.5
0.97057,0.41625,3.0767e-24,0,1,6.15,15,6.15,0.5
0.97265,0.41427,2.6041e-24,0,1,6.16,15,6.16,0.5
0.97472,0.4123,2.1314e-24,0,1,6.17,15,6.17,0.5
0.9768,0.41033,1.6587e-24,0,1,6.18,15,6.18,0.5
0.97888,0.40836,1.1861e-24,0,1,6.19,15,6.19,0.5
0.98095,0.40638,7.1341e-25,0,1,6.2,15,6.2,0.5
0.98303,0.40441,2.4073e-25,0,1,6.21,15,6.21,0.5
0.98509,0.40239,-1.2627e-25,0,1,6.22,15,6.22,0.5
0.98713,0.40033,-3.8446e-25,0,1,6.23,15,6.23,0.5
0.98917,0.39826,-6.4264e-25,0,1,6.24,15,6.24,0.5
0.99121,0.39619,-9.0083e-25,0,1,6.25,15,6.25,0.5
0.99325,0.39413,-1.159e-24,0,1,6.26,15,6.26,0.5
0.99529,0.39206,-1.4172e-24,0,1,6.27,15,6.27,0.5
0.99733,0.38999,-1.6754e-24,0,1,6.28,15,6.28,0.5
0.99936,0.3879,-1.6547e-24,0,1,6.29,15,6.29,0.5
1.0013,0.38576,-1.1064e-24,0,1,6.3,15,6.3,0.5
1.0033,0.38362,-5.581e-25,0,1,6.31,15,6.31,0.5
1.0053,0.38148,-9.8007e-27,0,1,6.32,15,6.32,0.5
1.0073,0.37934,5.3847e-25,0,1,6.33,15,6.33,0.5
1.0093,0.3772,1.0868e-24,0,1,6.34,15,6.34,0.5
1.0113,0.37506,1.635e-24,0,1,6.35,15,6.35,0.5
1.0132,0.37291,2.0165e-24,0,1,6.36,15,6.36,0.5
1.0151,0.37072,1.7264e-24,0,1,6.37,15,6.37,0.5
1.017,0.36852,1.4363e-24,0,1,6.38,15,6.38,0.5
1.0189,0.36633,1.1462e-24,0,1,6.39,15,6.39,0.5
1.0209,0.36414,8.5606e-25,0,1,6.4,15,6.4,0.5
1.0228,0.36195,5.6596e-25,0,1,6.41,15,6.41,0.5
1.0247,0.35975,2.7585e-25,0,1,6.42,15,6.42,0.5
1.0266,0.35756,-1.4257e-26,0,1,6.43,15,6.43,0.5
1.0284,0.35534,-3.0447e-25,0,1,6.44,15,6.44,0.5
1.0302,0.35311,-5.9467e-25,0,1,6.45,15,6.45,0.5
1.032,0.35089,-8.8488e-25,0,1,6.46,15,6.46,0.5
1.0338,0.34866,-1.1751e-24,0,1,6.47,15,6.47,0.5
1.0356,0.34644,-1.4653e-24,0,1,6.48,15,6.48,0.5
1.0375,0.34422,-1.7555e-24,0,1,6.49,15,6.49,0.5
1.0393,0.34199,-2.0457e-24,0,1,6.5,15,6.5,0.5
1.041,0.33976,-2.0731e-24,0,1,6.51,15,6.51,0.5
1.0427,0.33752,-2.0731e-24,0,1,6.52,15,6.52,0.5
1.0444,0.33528,-2.073e-24,0,1,6.53,15,6.53,0.5
1.0461,0.33305,-2.073e-24,0,1,6.54,15,6.54,0.5
1.0478,0.33081,-2.0729e-24,0,1,6.55,15,6.55,0.5
1.0496,0.32858,-2.0729e-24,0,1,6.56,15,6.56,0.5
1.0513,0.32634,-2.0728e-24,0,1,6.57,15,6.57,0.5
1.0529,0.32411,-1.8528e-24,0,1,6.58,15,6.58,0.5
1.0545,0.32188,-1.5629e-24,0,1,6.59,15,6.59,0.5
1.0561,0.31964,-1.273e-24,0,1,6.6,15,6.6,0.5
1.0577,0.31741,-9.8304e-25,0,1,6.61,15,6.61,0.5
1.0593,0.31518,-6.9312e-25,0,1,6.62,15,6.62,0.5
1.0609,0.31295,-4.0318e-25,0,1,6.63,15,6.63,0.5
1.0625,0.31072,-1.1326e-25,0,1,6.64,15,6.64,0.5
1.064,0.3085,1.7674e-25,0,1,6.65,15,6.65,0.5
1.0655,0.30629,4.6677e-25,0,1,6.66,15,6.66,0.5
1.067,0.30408,7.5682e-25,0,1,6.67,15,6.67,0.5
1.0684,0.30187,1.0468e-24,0,1,6.68,15,6.68,0.5
1.0699,0.29965,1.3369e-24,0,1,6.69,15,6.69,0.5
1.0714,0.29744,1.6269e-24,0,1,6.7,15,6.7,0.5
1.0729,0.29523,1.917e-24,0,1,6.71,15,6.71,0.5
1.0743,0.29303,1.9372e-24,0,1,6.72,15,6.72,0.5
1.0756,0.29085,1.6473e-24,0,1,6.73,15,6.73,0.5
1.077,0.28867,1.3573e-24,0,1,6.74,15,6.74,0.5
1.0783,0.28649,1.0674e-24,0,1,6.75,15,6.75,0.5
1.0797,0.28431,7.7746e-25,0,1,6.76,15,6.76,0.5
1.081,0.28213,4.8754e-25,0,1,6.77,15,6.77,0.5
1.0823,0.27995,1.976e-25,0,1,6.78,15,6.78,0.5
1.0836,0.27778,0,0,1,6.79,15,6.79,0.5
1.0849,0.27564,0,0,1,6.8,15,6.8,0.5
1.0861,0.27349,0,0,1,6.81,15,6.81,0.5
1.0873,0.27135,0,0,1,6.82,15,6.82,0.5
1.0885,0.26921,0,0,1,6.83,15,6.83,0.5
1.0897,0.26706,0,0,1,6.84,15,6.84,0.5
1.0909,0.26492,0,0,1,6.85,15,6.85,0.5
1.0921,0.26279,0,0,1,6.86,15,6.86,0.5
1.0931,0.26069,0,0,1,6.87,15,6.87,0.5
1.0942,0.25858,0,0,1,6.88,15,6.88,0.5
1.0952,0.25648,0,0,1,6.89,15,6.89,0.5
1.0963,0.25438,0,0,1,6.9,15,6.9,0.5
1.0973,0.25228,0,0,1,6.91,15,6.91,0.5
1.0984,0.25018,0,0,1,6.92,15,6.92,0.5
1.0994,0.24808,0,0,1,6.93,15,6.93,0.5
1.1003,0.24603,0,0,1,6.94,15,6.94,0.5
1.1012,0.24397,0,0,1,6.95,15,6.95,0.5
1.1021,0.24191,0,0,1,6.96,15,6.96,0.5
1.103,0.23986,0,0,1,6.97,15,6.97,0.5
1.1039,0.2378,0,0,1,6.98,15,6.98,0.5
1.1048,0.23575,0,0,1,6.99,15,6.99,0.5
1.1057,0.23369,0,0,1,7,15,7,0.5
1.1064,0.23167,1.8978e-29,0,1,7.01,15,7.01,0.5
1.1071,0.22966,4.0589e-29,0,1,7.02,15,7.02,0.5
1.1079,0.22765,6.2201e-29,0,1,7.03,15,7.03,0.5
1.1086,0.22564,8.3813e-29,0,1,7.04,15,7.04,0.5
1.1093,0.22364,1.0542e-28,0,1,7.05,15,7.05,0.5
1.11,0.22163,1.2704e-28,0,1,7.06,15,7.06,0.5
1.1108,0.21962,1.4865e-28,0,1,7.07,15,7.07,0.5
1.1114,0.21764,1.5445e-28,0,1,7.08,15,7.08,0.5
1.1119,0.21568,1.5445e-28,0,1,7.09,15,7.09,0.5
1.1125,0.21372,1.5445e-28,0,1,7.1,15,7.1,0.5
1.1131,0.21177,1.5445e-28,0,1,7.11,15,7.11,0.5
1.1136,0.20981,1.5445e-28,0,1,7.12,15,7.12,0.5
1.1142,0.20785,1.5445e-28,0,1,7.13,15,7.13,0.5
1.1147,0.20589,1.5445e-28,0,1,7.14,15,7.14,0.5
1.1152,0.20396,1.5329e-28,0,1,7.15,15,7.15,0.5
1.1156,0.20206,1.513e-28,0,1,7.16,15,7.16,0.5
1.116,0.20016,1.4931e-28,0,1,7.17,15,7.17,0.5
1.1164,0.19826,1.4732e-28,0,1,7.18,15,7.18,0.5
1.1168,0.19635,1.4533e-28,0,1,7.19,15,7.19,0.5
1.1172,0.19445,1.4334e-28,0,1,7.2,15,7.2,0.5
1.1177,0.19255,1.4135e-28,0,1,7.21,15,7.21,0.5
1.118,0.19068,1.4023e-28,0,1,7.22,15,7.22,0.5
1.1183,0.18884,1.4023e-28,0,1,7.23,15,7.23,0.5
1.1186,0.18701,1.4023e-28,0,1,7.24,15,7.24,0.5
1.1189,0.18517,1.4023e-28,0,1,7.25,15,7.25,0.5
1.1192,0.18334,1.4023e-28,0,1,7.26,15,7.26,0.5
1.1194,0.1815,1.4023e-28,0,1,7.27,15,7.27,0.5
1.1197,0.17967,1.4023e-28,0,1,7.28,15,7.28,0.5
1.12,0.17785,1.3452e-28,0,1,7.29,15,7.29,0.5
1.1202,0.1761,1.149e-28,0,1,7.3,15,7.3,0.5
1.1204,0.17434,9.5276e-29,0,1,7.31,15,7.31,0.5
1.1206,0.17259,7.5654e-29,0,1,7.32,15,7.32,0.5
1.1208,0.17083,5.6034e-29,0,1,7.33,15,7.33,0.5
1.121,0.16907,3.6412e-29,0,1,7.34,15,7.34,0.5
1.1212,0.16732,1.6791e-29,0,1,7.35,15,7.35,0.5
1.1214,0.16557,0,0,1,7.36,15,7.36,0.5
1.1215,0.16391,0,0,1,7.37,15,7.37,0.5
1.1217,0.16224,0,0,1,7.38,15,7.38,0.5
1.1218,0.16057,0,0,1,7.39,15,7.39,0.5
1.122,0.15891,0,0,1,7.4,15,7.4,0.5
1.1222,0.15724,0,0,1,7.41,15,7.41,0.5
1.1223,0.15557,0,0,1,7.42,15,7.42,0.5
1.1225,0.15391,0,0,1,7.43,15,7.43,0.5
1.1226,0.15234,0,0,1,7.44,15,7.44,0.5
1.1227,0.15077,0,0,1,7.45,15,7.45,0.5
1.1229,0.1492,0,0,1,7.46,15,7.46,0.5
1.123,0.14763,0,0,1,7.47,15,7.47,0.5
1.1232,0.14606,0,0,1,7.48,15,7.48,0.5
1.1233,0.14449,0,0,1,7.49,15,7.49,0.5
1.1235,0.14293,0,0,1,7.5,15,7.5,0.5
1.1236,0.14144,1.2424e-29,0,1,7.51,15,7.51,0.5
1.1238,0.13998,2.7027e-29,0,1,7.52,15,7.52,0.5
1.1239,0.13851,4.163e-29,0,1,7.53,15,7.53,0.5
1.1241,0.13704,5.6234e-29,0,1,7.54,15,7.54,0.5
1.1242,0.13558,7.0837e-29,0,1,7.55,15,7.55,0.5
1.1244,0.13411,8.5441e-29,0,1,7.56,15,7.56,0.5
1.1245,0.13264,1.0004e-28,0,1,7.57,15,7.57,0.5
1.1247,0.13125,1.0437e-28,0,1,7.58,15,7.58,0.5
1.1249,0.12988,1.0437e-28,0,1,7.59,15,7.59,0.5
1.125,0.12851,1.0437e-28,0,1,7.6,15,7.6,0.5
1.1252,0.12715,1.0437e-28,0,1,7.61,15,7.61,0.5
1.1254,0.12578,1.0437e-28,0,1,7.62,15,7.62,0.5
1.1256,0.12442,1.0437e-28,0,1,7.63,15,7.63,0.5
1.1257,0.12305,1.0437e-28,0,1,7.64,15,7.64,0.5
1.1259,0.12174,8.9106e-29,0,1,7.65,15,7.65,0.5
1.1261,0.12047,6.1712e-29,0,1,7.66,15,7.66,0.5
1.1263,0.1192,3.4317e-29,0,1,7.67,15,7.67,0.5
1.1265,0.11793,6.9237e-30,0,1,7.68,15,7.68,0.5
1.1267,0.11666,-2.0471e-29,0,1,7.69,15,7.69,0.5
1.1269,0.1154,-4.7865e-29,0,1,7.7,15,7.7,0.5
1.1271,0.11413,-7.526e-29,0,1,7.71,15,7.71,0.5
1.1273,0.1129,-9.1412e-29,0,1,7.72,15,7.72,0.5
1.1275,0.11172,-9.1412e-29,0,1,7.73,15,7.73,0.5
1.1277,0.11054,-9.1412e-29,0,1,7.74,15,7.74,0.5
1.1279,0.10936,-9.1412e-29,0,1,7.75,15,7.75,0.5
1.1281,0.10819,-9.1412e-29,0,1,7.76,15,7.76,0.5
1.1283,0.10701,-9.1412e-29,0,1,7.77,15,7.77,0.5
1.1285,0.10583,-9.1412e-29,0,1,7.78,15,7.78,0.5
1.1288,0.10468,-9.0981e-29,0,1,7.79,15,7.79,0.5
1.129,0.10358,-8.9347e-29,0,1,7.8,15,7.8,0.5
1.1292,0.10249,-8.7712e-29,0,1,7.81,15,7.81,0.5
1.1294,0.1014,-8.6078e-29,0,1,7.82,15,7.82,0.5
1.1296,0.10031,-8.4444e-29,0,1,7.83,15,7.83,0.5
1.1298,0.099213,-8.281e-29,0,1,7.84,15,7.84,0.5
1.13,0.09812,-8.1176e-29,0,1,7.85,15,7.85,0.5
1.1302,0.097037,-7.9733e-29,0,1,7.86,15,7.86,0.5
1.1304,0.096023,-7.9733e-29,0,1,7.87,15,7.87,0.5
1.1306,0.09501,-7.9733e-29,0,1,7.88,15,7.88,0.5
1.1308,0.093996,-7.9733e-29,0,1,7.89,15,7.89,0.5
1.1311,0.092983,-7.9733e-29,0,1,7.9,15,7.9,0.5
1.1313,0.091969,-7.9733e-29,0,1,7.91,15,7.91,0.5
1.1315,0.090956,-7.9733e-29,0,1,7.92,15,7.92,0.5
1.1317,0.089942,-7.9733e-29,0,1,7.93,15,7.93,0.5
1.1319,0.089001,-6.891e-29,0,1,7.94,15,7.94,0.5
1.1321,0.088062,-5.7754e-29,0,1,7.95,15,7.95,0.5
1.1323,0.087123,-4.6597e-29,0,1,7.96,15,7.96,0.5
1.1325,0.086184,-3.5441e-29,0,1,7.97,15,7.97,0.5
1.1327,0.085245,-2.4284e-29,0,1,7.98,15,7.98,0.5
1.1329,0.084306,-1.3128e-29,0,1,7.99,15,7.99,0.5
1.1331,0.083367,-1.9715e-30,0,1,8,15,8,0.5
1.1333,0.082485,0,0,1,8.01,15,8.01,0.5
1.1335,0.081617,0,0,1,8.02,15,8.02,0.5
1.1337,0.080748,0,0,1,8.03,15,8.03,0.5
1.1338,0.079879,0,0,1,8.04,15,8.04,0.5
1.134,0.07901,0,0,1,8.05,15,8.05,0.5
1.1342,0.078142,0,0,1,8.06,15,8.06,0.5
1.1344,0.077273,0,0,1,8.07,15,8.07,0.5
1.1346,0.076449,0,0,1,8.08,15,8.08,0.5
1.1348,0.075647,0,0,1,8.09,15,8.09,0.5
1.135,0.074844,0,0,1,8.1,15,8.1,0.5
1.1352,0.074042,0,0,1,8.11,15,8.11,0.5
1.1353,0.07324,0,0,1,8.12,15,8.12,0.5
1.1355,0.072437,0,0,1,8.13,15,8.13,0.5
1.1357,0.071635,0,0,1,8.14,15,8.14,0.5
1.1359,0.070866,0,0,1,8.15,15,8.15,0.5
1.1361,0.070125,0,0,1,8.16,15,8.16,0.5
1.1362,0.069385,0,0,1,8.17,15,8.17,0.5
1.1364,0.068645,0,0,1,8.18,15,8.18,0.5
1.1366,0.067905,0,0,1,8.19,15,8.19,0.5
1.1368,0.067165,0,0,1,8.2,15,8.2,0.5
1.1369,0.066425,0,0,1,8.21,15,8.21,0.5
1.1371,0.065707,-2.8351e-26,0,1,8.22,15,8.22,0.5
1.1373,0.065024,-1.0239e-25,0,1,8.23,15,8.23,0.5
1.1374,0.064342,-1.7643e-25,0,1,8.24,15,8.24,0.5
1.1376,0.063659,-2.5048e-25,0,1,8.25,15,8.25,0.5
1.1377,0.062976,-3.2452e-25,0,1,8.26,15,8.26,0.5
1.1379,0.062294,-3.9857e-25,0,1,8.27,15,8.27,0.5
1.138,0.061611,-4.726e-25,0,1,8.28,15,8.28,0.5
1.1382,0.060941,-5.1168e-25,0,1,8.29,15,8.29,0.5
1.1383,0.06031,-4.3763e-25,0,1,8.3,15,8.3,0.5
1.1384,0.05968,-3.6358e-25,0,1,8.31,15,8.31,0.5
1.1385,0.059049,-2.8954e-25,0,1,8.32,15,8.32,0.5
1.1386,0.058419,-2.1549e-25,0,1,8.33,15,8.33,0.5
1.1387,0.057788,-1.4145e-25,0,1,8.34,15,8.34,0.5
1.1388,0.057158,-6.7397e-26,0,1,8.35,15,8.35,0.5
1.1389,0.056531,1.2369e-26,0,1,8.36,15,8.36,0.5
1.139,0.055947,1.5055e-25,0,1,8.37,15,8.37,0.5
1.139,0.055363,2.8873e-25,0,1,8.38,15,8.38,0.5
1.139,0.054779,4.2691e-25,0,1,8.39,15,8.39,0.5
1.1391,0.054195,5.6507e-25,0,1,8.4,15,8.4,0.5
1.1391,0.053611,7.0325e-25,0,1,8.41,15,8.41,0.5
1.1392,0.053027,8.4143e-25,0,1,8.42,15,8.42,0.5
1.1392,0.052443,9.7961e-25,0,1,8.43,15,8.43,0.5
1.1391,0.051897,8.5731e-25,0,1,8.44,15,8.44,0.5
1.1391,0.051353,7.1912e-25,0,1,8.45,15,8.45,0.5
1.139,0.050809,5.8094e-25,0,1,8.46,15,8.46,0.5
1.1389,0.050266,4.4275e-25,0,1,8.47,15,8.47,0.5
1.1388,0.049722,3.0458e-25,0,1,8.48,15,8.48,0.5
1.1388,0.049179,1.6639e-25,0,1,8.49,15,8.49,0.5
1.1387,0.048635,2.8208e-26,0,1,8.5,15,8.5,0.5
1.1385,0.048119,-5.1053e-26,0,1,8.51,15,8.51,0.5
1.1382,0.04761,-1.1519e-25,0,1,8.52,15,8.52,0.5
1.138,0.047101,-1.7932e-25,0,1,8.53,15,8.53,0.5
1.1377,0.046592,-2.4345e-25,0,1,8.54,15,8.54,0.5
1.1375,0.046084,-3.0759e-25,0,1,8.55,15,8.55,0.5
1.1372,0.045575,-3.7172e-25,0,1,8.56,15,8.56,0.5
1.137,0.045066,-4.3585e-25,0,1,8.57,15,8.57,0.5
1.1366,0.044576,-4.1674e-25,0,1,8.58,15,8.58,0.5
1.1361,0.044097,-3.5261e-25,0,1,8.59,15,8.59,0.5
1.1356,0.043618,-2.8847e-25,0,1,8.6,15,8.6,0.5
1.1351,0.043139,-2.2434e-25,0,1,8.61,15,8.61,0.5
1.1346,0.04266,-1.602e-25,0,1,8.62,15,8.62,0.5
1.1341,0.042181,-9.6065e-26,0,1,8.63,15,8.63,0.5
1.1336,0.041701,-3.1928e-26,0,1,8.64,15,8.64,0.5
1.133,0.041235,0,0,1,8.65,15,8.65,0.5
1.1322,0.040781,0,0,1,8.66,15,8.66,0.5
1.1313,0.040328,0,0,1,8.67,15,8.67,0.5
1.1305,0.039874,0,0,1,8.68,15,8.68,0.5
1.1297,0.039421,0,0,1,8.69,15,8.69,0.5
1.1289,0.038967,0,0,1,8.7,15,8.7,0.5
1.1281,0.038513,0,0,1,8.71,15,8.71,0.5
1.1271,0.038068,1.6595e-30,0,1,8.72,15,8.72,0.5
1.1258,0.037637,6.3295e-30,0,1,8.73,15,8.73,0.5
1.1246,0.037206,1.1e-29,0,1,8.74,15,8.74,0.5
1.1233,0.036774,1.567e-29,0,1,8.75,15,8.75,0.5
1.1221,0.036343,2.0341e-29,0,1,8.76,15,8.76,0.5
1.1208,0.035912,2.5011e-29,0,1,8.77,15,8.77,0.5
1.1196,0.035481,2.9681e-29,0,1,8.78,15,8.78,0.5
1.1182,0.035054,-9.7969e-27,0,1,8.79,15,8.79,0.5
1.1164,0.034644,-5.693e-26,0,1,8.8,15,8.8,0.5
1.1146,0.034234,-1.0406e-25,0,1,8.81,15,8.81,0.5
1.1128,0.033823,-1.5119e-25,0,1,8.82,15,8.82,0.5
1.111,0.033413,-1.9833e-25,0,1,8.83,15,8.83,0.5
1.1092,0.033003,-2.4546e-25,0,1,8.84,15,8.84,0.5
1.1074,0.032592,-2.9259e-25,0,1,8.85,15,8.85,0.5
1.1056,0.032183,-3.339e-25,0,1,8.86,15,8.86,0.5
1.1031,0.031793,-2.8674e-25,0,1,8.87,15,8.87,0.5
1.1007,0.031403,-2.3958e-25,0,1,8.88,15,8.88,0.5
1.0982,0.031012,-1.9242e-25,0,1,8.89,15,8.89,0.5
1.0958,0.030622,-1.4527e-25,0,1,8.9,15,8.9,0.5
1.0933,0.030232,-9.8106e-26,0,1,8.91,15,8.91,0.5
1.0909,0.029842,-5.0946e-26,0,1,8.92,15,8.92,0.5
1.0884,0.029452,-3.7852e-27,0,1,8.93,15,8.93,0.5
1.0853,0.02908,8.5752e-26,0,1,8.94,15,8.94,0.5
1.082,0.028709,1.7923e-25,0,1,8.95,15,8.95,0.5
1.0788,0.028339,2.7272e-25,0,1,8.96,15,8.96,0.5
1.0756,0.027969,3.662e-25,0,1,8.97,15,8.97,0.5
1.0724,0.027599,4.5967e-25,0,1,8.98,15,8.98,0.5
1.0692,0.027229,5.5315e-25,0,1,8.99,15,8.99,0.5
1.0659,0.026859,6.4663e-25,0,1,9,15,9,0.5
1.0621,0.026504,5.9644e-25,0,1,9.01,15,9.01,0.5
1.058,0.026153,5.0287e-25,0,1,9.02,15,9.02,0.5
1.0539,0.025803,4.0932e-25,0,1,9.03,15,9.03,0.5
1.0498,0.025453,3.1576e-25,0,1,9.04,15,9.04,0.5
1.0457,0.025103,2.2219e-25,0,1,9.05,15,9.05,0.5
1.0416,0.024752,1.2863e-25,0,1,9.06,15,9.06,0.5
1.0375,0.024402,3.5078e-26,0,1,9.07,15,9.07,0.5
1.0329,0.024063,-6.0271e-26,0,1,9.08,15,9.08,0.5
1.0278,0.02373,-1.5671e-25,0,1,9.09,15,9.09,0.5
1.0228,0.023398,-2.5314e-25,0,1,9.1,15,9.1,0.5
1.0178,0.023065,-3.4957e-25,0,1,9.11,15,9.11,0.5
1.0127,0.022732,-4.4601e-25,0,1,9.12,15,9.12,0.5
1.0077,0.0224,-5.4244e-25,0,1,9.13,15,9.13,0.5
1.0027,0.022067,-6.3888e-25,0,1,9.14,15,9.14,0.5
0.99717,0.02174,-6.4372e-25,0,1,9.15,15,9.15,0.5
0.99113,0.02142,-5.4715e-25,0,1,9.16,15,9.16,0.5
0.98509,0.021099,-4.5058e-25,0,1,9.17,15,9.17,0.5
0.97906,0.020778,-3.5402e-25,0,1,9.18,15,9.18,0.5
0.97302,0.020457,-2.5746e-25,0,1,9.19,15,9.19,0.5
0.96699,0.020136,-1.6089e-25,0,1,9.2,15,9.2,0.5
0.96095,0.019816,-6.4321e-26,0,1,9.21,15,9.21,0.5
0.95458,0.019495,2.3506e-25,0,1,9.22,15,9.22,0.5
0.9475,0.019175,9.5034e-25,0,1,9.23,15,9.23,0.5
0.94042,0.018855,1.6657e-24,0,1,9.24,15,9.24,0.5
0.93335,0.018535,2.381e-24,0,1,9.25,15,9.25,0.5
0.92627,0.018215,3.0964e-24,0,1,9.26,15,9.26,0.5
0.91919,0.017894,3.8117e-24,0,1,9.27,15,9.27,0.5
0.91212,0.017574,4.527e-24,0,1,9.28,15,9.28,0.5
0.90485,0.017246,5.0914e-24,0,1,9.29,15,9.29,0.5
0.89673,0.016884,4.9723e-24,0,1,9.3,15,9.3,0.5
0.88861,0.016521,4.8533e-24,0,1,9.31,15,9.31,0.5
0.88049,0.016158,4.7343e-24,0,1,9.32,15,9.32,0.5
0.87237,0.015795,4.6152e-24,0,1,9.33,15,9.33,0.5
0.86425,0.015432,4.4962e-24,0,1,9.34,15,9.34,0.5
0.85613,0.015069,4.3771e-24,0,1,9.35,15,9.35,0.5
0.84795,0.014704,4.7627e-24,0,1,9.36,15,9.36,0.5
0.83806,0.014296,1.9422e-23,0,1,9.37,15,9.37,0.5
0.82817,0.013888,3.4082e-23,0,1,9.38,15,9.38,0.5
0.81828,0.01348,4.8742e-23,0,1,9.39,15,9.39,0.5
0.8084,0.013072,6.34e-23,0,1,9.4,15,9.4,0.5
0.79851,0.012664,7.8059e-23,0,1,9.41,15,9.41,0.5
0.78862,0.012255,9.2719e-23,0,1,9.42,15,9.42,0.5
0.77873,0.011847,1.0738e-22,0,1,9.43,15,9.43,0.5
0.76785,0.01106,3.1966e-23,0,1,9.44,15,9.44,0.5
0.75684,0.010225,-5.4888e-23,0,1,9.45,15,9.45,0.5
0.74583,0.0093901,-1.4174e-22,0,1,9.46,15,9.46,0.5
0.73483,0.0085549,-2.286e-22,0,1,9.47,15,9.47,0.5
0.72382,0.0077198,-3.1544e-22,0,1,9.48,15,9.48,0.5
0.71282,0.0068847,-4.0229e-22,0,1,9.49,15,9.49,0.5
0.70181,0.0060495,-4.8915e-22,0,1,9.5,15,9.5,0.5
0.6908,0.0052144,-5.76e-22,0,1,9.51,15,9.51,0.5
0.67952,0.0044058,-6.5617e-22,0,1,9.52,15,9.52,0.5
0.6654,0.0038685,-6.6804e-22,0,1,9.53,15,9.53,0.5
0.65129,0.0033312,-6.7992e-22,0,1,9.54,15,9.54,0.5
0.63717,0.0027939,-6.9179e-22,0,1,9.55,15,9.55,0.5
0.62305,0.0022565,-7.0367e-22,0,1,9.56,15,9.56,0.5
0.60894,0.0017193,-7.1554e-22,0,1,9.57,15,9.57,0.5
0.59482,0.0011819,-7.2741e-22,0,1,9.58,15,9.58,0.5
0.5807,0.00064463,-7.3929e-22,0,1,9.59,15,9.59,0.5
0.56658,0.0001073,-7.5116e-22,0,1,9.6,15,9.6,0.5
0.55247,-0.00042997,-7.6303e-22,0,1,9.61,15,9.61,0.5
0.53835,-0.00096729,-7.7491e-22,0,1,9.62,15,9.62,0.5
0.52423,-0.0015046,-7.8678e-22,0,1,9.63,15,9.63,0.5
0.51012,-0.0020419,-7.9866e-22,0,1,9.64,15,9.64,0.5
0.496,-0.0025792,-8.1053e-22,0,1,9.65,15,9.65,0.5
0.48188,-0.0031165,-8.224e-22,0,1,9.66,15,9.66,0.5
0.46987,-0.0035425,-8.2553e-22,0,1,9.67,15,9.67,0.5
0.46463,-0.0036103,-8.0052e-22,0,1,9.68,15,9.68,0.5
0.45939,-0.0036781,-7.755e-22,0,1,9.69,15,9.69,0.5
0.45415,-0.0037459,-7.5048e-22,0,1,9.7,15,9.7,0.5
0.44891,-0.0038136,-7.2547e-22,0,1,9.71,15,9.71,0.5
0.44367,-0.0038814,-7.0045e-22,0,1,9.72,15,9.72,0.5
0.43843,-0.0039492,-6.7544e-22,0,1,9.73,15,9.73,0.5
0.43319,-0.004017,-6.5042e-22,0,1,9.74,15,9.74,0.5
0.42795,-0.0040847,-6.254e-22,0,1,9.75,15,9.75,0.5
0.42271,-0.0041525,-6.0039e-22,0,1,9.76,15,9.76,0.5
0.41747,-0.0042203,-5.7537e-22,0,1,9.77,15,9.77,0.5
0.41223,-0.0042881,-5.5036e-22,0,1,9.78,15,9.78,0.5
0.40699,-0.0043558,-5.2534e-22,0,1,9.79,15,9.79,0.5
0.40175,-0.0044236,-5.0032e-22,0,1,9.8,15,9.8,0.5
0.39651,-0.0044914,-4.7531e-22,0,1,9.81,15,9.81,0.5
0.39127,-0.0045592,-4.5029e-22,0,1,9.82,15,9.82,0.5
0.38603,-0.004627,-4.2527e-22,0,1,9.83,15,9.83,0.5
0.38079,-0.0046947,-4.0026e-22,0,1,9.84,15,9.84,0.5
0.37555,-0.0047625,-3.7524e-22,0,1,9.85,15,9.85,0.5
0.37031,-0.0048303,-3.5023e-22,0,1,9.86,15,9.86,0.5
0.36507,-0.0048981,-3.2521e-22,0,1,9.87,15,9.87,0.5
0.35983,-0.0049658,-3.0019e-22,0,1,9.88,15,9.88,0.5
0.35459,-0.0050336,-2.7518e-22,0,1,9.89,15,9.89,0.5
0.34936,-0.0051014,-2.5016e-22,0,1,9.9,15,9.9,0.5
0.34412,-0.0051692,-2.2515e-22,0,1,9.91,15,9.91,0.5
0.33888,-0.0052369,-2.0013e-22,0,1,9.92,15,9.92,0.5
0.33364,-0.0053047,-1.7511e-22,0,1,9.93,15,9.93,0.5
0.3284,-0.0053725,-1.501e-22,0,1,9.94,15,9.94,0.5
0.32316,-0.0054403,-1.2508e-22,0,1,9.95,15,9.95,0.5
0.31792,-0.005508,-1.0006e-22,0,1,9.96,15,9.96,0.5
0.31268,-0.0055758,-7.5048e-23,0,1,9.97,15,9.97,0.5
0.30744,-0.0056436,-5.0033e-23,0,1,9.98,15,9.98,0.5
0.3022,-0.0057114,-2.5017e-23,0,1,9.99,15,9.99,0.5
0.29696,-0.0057791,0,0,1,10,15,10,0.5
